agency_id,name
AGY-001,Department of Synthetic Records (synthetic) #1
AGY-002,Bureau of Synthetic Permits (synthetic) #2
AGY-003,Office of Synthetic Licensing (synthetic) #3
AGY-004,Department of Synthetic Records (synthetic) #4
AGY-005,Bureau of Synthetic Permits (synthetic) #5
AGY-006,Office of Synthetic Licensing (synthetic) #6
AGY-007,Department of Synthetic Records (synthetic) #7
AGY-008,Bureau of Synthetic Permits (synthetic) #8
AGY-009,Office of Synthetic Licensing (synthetic) #9
AGY-010,Department of Synthetic Records (synthetic) #10
AGY-011,Bureau of Synthetic Permits (synthetic) #11
AGY-012,Office of Synthetic Licensing (synthetic) #12
AGY-013,Department of Synthetic Records (synthetic) #13
AGY-014,Bureau of Synthetic Permits (synthetic) #14
AGY-015,Office of Synthetic Licensing (synthetic) #15
AGY-016,Department of Synthetic Records (synthetic) #16
AGY-017,Bureau of Synthetic Permits (synthetic) #17
AGY-018,Office of Synthetic Licensing (synthetic) #18
AGY-019,Department of Synthetic Records (synthetic) #19
AGY-020,Bureau of Synthetic Permits (synthetic) #20
AGY-021,Office of Synthetic Licensing (synthetic) #21
AGY-022,Department of Synthetic Records (synthetic) #22
AGY-023,Bureau of Synthetic Permits (synthetic) #23
AGY-024,Office of Synthetic Licensing (synthetic) #24
AGY-025,Department of Synthetic Records (synthetic) #25
AGY-026,Bureau of Synthetic Permits (synthetic) #26
AGY-027,Office of Synthetic Licensing (synthetic) #27
AGY-028,Department of Synthetic Records (synthetic) #28
AGY-029,Bureau of Synthetic Permits (synthetic) #29
AGY-030,Office of Synthetic Licensing (synthetic) #30
AGY-031,Department of Synthetic Records (synthetic) #31
AGY-032,Bureau of Synthetic Permits (synthetic) #32
AGY-033,Office of Synthetic Licensing (synthetic) #33
AGY-034,Department of Synthetic Records (synthetic) #34
AGY-035,Bureau of Synthetic Permits (synthetic) #35
AGY-036,Office of Synthetic Licensing (synthetic) #36
AGY-037,Department of Synthetic Records (synthetic) #37
AGY-038,Bureau of Synthetic Permits (synthetic) #38
AGY-039,Office of Synthetic Licensing (synthetic) #39
AGY-040,Department of Synthetic Records (synthetic) #40
AGY-041,Bureau of Synthetic Permits (synthetic) #41
AGY-042,Office of Synthetic Licensing (synthetic) #42
AGY-043,Department of Synthetic Records (synthetic) #43
AGY-044,Bureau of Synthetic Permits (synthetic) #44
AGY-045,Office of Synthetic Licensing (synthetic) #45
AGY-046,Department of Synthetic Records (synthetic) #46
AGY-047,Bureau of Synthetic Permits (synthetic) #47
AGY-048,Office of Synthetic Licensing (synthetic) #48
AGY-049,Department of Synthetic Records (synthetic) #49
AGY-050,Bureau of Synthetic Permits (synthetic) #50
