line_id,factory_id,name
LINE-FAC-001-1,FAC-001,Windrift Plant 1 Line 1
LINE-FAC-001-2,FAC-001,Windrift Plant 1 Line 2
LINE-FAC-001-3,FAC-001,Windrift Plant 1 Line 3
LINE-FAC-001-4,FAC-001,Windrift Plant 1 Line 4
LINE-FAC-001-5,FAC-001,Windrift Plant 1 Line 5
LINE-FAC-001-6,FAC-001,Windrift Plant 1 Line 6
LINE-FAC-001-7,FAC-001,Windrift Plant 1 Line 7
LINE-FAC-001-8,FAC-001,Windrift Plant 1 Line 8
LINE-FAC-002-1,FAC-002,Northfell Plant 2 Line 1
LINE-FAC-002-2,FAC-002,Northfell Plant 2 Line 2
LINE-FAC-002-3,FAC-002,Northfell Plant 2 Line 3
LINE-FAC-002-4,FAC-002,Northfell Plant 2 Line 4
LINE-FAC-002-5,FAC-002,Northfell Plant 2 Line 5
LINE-FAC-002-6,FAC-002,Northfell Plant 2 Line 6
LINE-FAC-002-7,FAC-002,Northfell Plant 2 Line 7
LINE-FAC-002-8,FAC-002,Northfell Plant 2 Line 8
LINE-FAC-003-1,FAC-003,Lindmoor Plant 3 Line 1
LINE-FAC-003-2,FAC-003,Lindmoor Plant 3 Line 2
LINE-FAC-003-3,FAC-003,Lindmoor Plant 3 Line 3
LINE-FAC-003-4,FAC-003,Lindmoor Plant 3 Line 4
LINE-FAC-003-5,FAC-003,Lindmoor Plant 3 Line 5
LINE-FAC-003-6,FAC-003,Lindmoor Plant 3 Line 6
LINE-FAC-003-7,FAC-003,Lindmoor Plant 3 Line 7
LINE-FAC-003-8,FAC-003,Lindmoor Plant 3 Line 8
LINE-FAC-004-1,FAC-004,Stonebrook Junction Plant 4 Line 1
LINE-FAC-004-2,FAC-004,Stonebrook Junction Plant 4 Line 2
LINE-FAC-004-3,FAC-004,Stonebrook Junction Plant 4 Line 3
LINE-FAC-004-4,FAC-004,Stonebrook Junction Plant 4 Line 4
LINE-FAC-004-5,FAC-004,Stonebrook Junction Plant 4 Line 5
LINE-FAC-004-6,FAC-004,Stonebrook Junction Plant 4 Line 6
LINE-FAC-004-7,FAC-004,Stonebrook Junction Plant 4 Line 7
LINE-FAC-004-8,FAC-004,Stonebrook Junction Plant 4 Line 8
LINE-FAC-005-1,FAC-005,Aurelport Plant 5 Line 1
LINE-FAC-005-2,FAC-005,Aurelport Plant 5 Line 2
LINE-FAC-005-3,FAC-005,Aurelport Plant 5 Line 3
LINE-FAC-005-4,FAC-005,Aurelport Plant 5 Line 4
LINE-FAC-005-5,FAC-005,Aurelport Plant 5 Line 5
LINE-FAC-005-6,FAC-005,Aurelport Plant 5 Line 6
LINE-FAC-005-7,FAC-005,Aurelport Plant 5 Line 7
LINE-FAC-005-8,FAC-005,Aurelport Plant 5 Line 8
LINE-FAC-006-1,FAC-006,Kestrel Bay Plant 6 Line 1
LINE-FAC-006-2,FAC-006,Kestrel Bay Plant 6 Line 2
LINE-FAC-006-3,FAC-006,Kestrel Bay Plant 6 Line 3
LINE-FAC-006-4,FAC-006,Kestrel Bay Plant 6 Line 4
LINE-FAC-006-5,FAC-006,Kestrel Bay Plant 6 Line 5
LINE-FAC-006-6,FAC-006,Kestrel Bay Plant 6 Line 6
LINE-FAC-006-7,FAC-006,Kestrel Bay Plant 6 Line 7
LINE-FAC-006-8,FAC-006,Kestrel Bay Plant 6 Line 8
LINE-FAC-007-1,FAC-007,Marrow Vale Plant 7 Line 1
LINE-FAC-007-2,FAC-007,Marrow Vale Plant 7 Line 2
LINE-FAC-007-3,FAC-007,Marrow Vale Plant 7 Line 3
LINE-FAC-007-4,FAC-007,Marrow Vale Plant 7 Line 4
LINE-FAC-007-5,FAC-007,Marrow Vale Plant 7 Line 5
LINE-FAC-007-6,FAC-007,Marrow Vale Plant 7 Line 6
LINE-FAC-007-7,FAC-007,Marrow Vale Plant 7 Line 7
LINE-FAC-007-8,FAC-007,Marrow Vale Plant 7 Line 8
LINE-FAC-008-1,FAC-008,Emberfield Plant 8 Line 1
LINE-FAC-008-2,FAC-008,Emberfield Plant 8 Line 2
LINE-FAC-008-3,FAC-008,Emberfield Plant 8 Line 3
LINE-FAC-008-4,FAC-008,Emberfield Plant 8 Line 4
LINE-FAC-008-5,FAC-008,Emberfield Plant 8 Line 5
LINE-FAC-008-6,FAC-008,Emberfield Plant 8 Line 6
LINE-FAC-008-7,FAC-008,Emberfield Plant 8 Line 7
LINE-FAC-008-8,FAC-008,Emberfield Plant 8 Line 8
LINE-FAC-009-1,FAC-009,Northfell Plant 9 Line 1
LINE-FAC-009-2,FAC-009,Northfell Plant 9 Line 2
LINE-FAC-009-3,FAC-009,Northfell Plant 9 Line 3
LINE-FAC-009-4,FAC-009,Northfell Plant 9 Line 4
LINE-FAC-009-5,FAC-009,Northfell Plant 9 Line 5
LINE-FAC-009-6,FAC-009,Northfell Plant 9 Line 6
LINE-FAC-009-7,FAC-009,Northfell Plant 9 Line 7
LINE-FAC-009-8,FAC-009,Northfell Plant 9 Line 8
LINE-FAC-010-1,FAC-010,Stonebrook Junction Plant 10 Line 1
LINE-FAC-010-2,FAC-010,Stonebrook Junction Plant 10 Line 2
LINE-FAC-010-3,FAC-010,Stonebrook Junction Plant 10 Line 3
LINE-FAC-010-4,FAC-010,Stonebrook Junction Plant 10 Line 4
LINE-FAC-010-5,FAC-010,Stonebrook Junction Plant 10 Line 5
LINE-FAC-010-6,FAC-010,Stonebrook Junction Plant 10 Line 6
LINE-FAC-010-7,FAC-010,Stonebrook Junction Plant 10 Line 7
LINE-FAC-010-8,FAC-010,Stonebrook Junction Plant 10 Line 8
LINE-FAC-011-1,FAC-011,Verdant Hollow Plant 11 Line 1
LINE-FAC-011-2,FAC-011,Verdant Hollow Plant 11 Line 2
LINE-FAC-011-3,FAC-011,Verdant Hollow Plant 11 Line 3
LINE-FAC-011-4,FAC-011,Verdant Hollow Plant 11 Line 4
LINE-FAC-011-5,FAC-011,Verdant Hollow Plant 11 Line 5
LINE-FAC-011-6,FAC-011,Verdant Hollow Plant 11 Line 6
LINE-FAC-011-7,FAC-011,Verdant Hollow Plant 11 Line 7
LINE-FAC-011-8,FAC-011,Verdant Hollow Plant 11 Line 8
LINE-FAC-012-1,FAC-012,Kestrel Bay Plant 12 Line 1
LINE-FAC-012-2,FAC-012,Kestrel Bay Plant 12 Line 2
LINE-FAC-012-3,FAC-012,Kestrel Bay Plant 12 Line 3
LINE-FAC-012-4,FAC-012,Kestrel Bay Plant 12 Line 4
LINE-FAC-012-5,FAC-012,Kestrel Bay Plant 12 Line 5
LINE-FAC-012-6,FAC-012,Kestrel Bay Plant 12 Line 6
LINE-FAC-012-7,FAC-012,Kestrel Bay Plant 12 Line 7
LINE-FAC-012-8,FAC-012,Kestrel Bay Plant 12 Line 8
LINE-FAC-013-1,FAC-013,Windrift Plant 13 Line 1
LINE-FAC-013-2,FAC-013,Windrift Plant 13 Line 2
LINE-FAC-013-3,FAC-013,Windrift Plant 13 Line 3
LINE-FAC-013-4,FAC-013,Windrift Plant 13 Line 4
LINE-FAC-013-5,FAC-013,Windrift Plant 13 Line 5
LINE-FAC-013-6,FAC-013,Windrift Plant 13 Line 6
LINE-FAC-013-7,FAC-013,Windrift Plant 13 Line 7
LINE-FAC-013-8,FAC-013,Windrift Plant 13 Line 8
LINE-FAC-014-1,FAC-014,Verdant Hollow Plant 14 Line 1
LINE-FAC-014-2,FAC-014,Verdant Hollow Plant 14 Line 2
LINE-FAC-014-3,FAC-014,Verdant Hollow Plant 14 Line 3
LINE-FAC-014-4,FAC-014,Verdant Hollow Plant 14 Line 4
LINE-FAC-014-5,FAC-014,Verdant Hollow Plant 14 Line 5
LINE-FAC-014-6,FAC-014,Verdant Hollow Plant 14 Line 6
LINE-FAC-014-7,FAC-014,Verdant Hollow Plant 14 Line 7
LINE-FAC-014-8,FAC-014,Verdant Hollow Plant 14 Line 8
LINE-FAC-015-1,FAC-015,Marrow Vale Plant 15 Line 1
LINE-FAC-015-2,FAC-015,Marrow Vale Plant 15 Line 2
LINE-FAC-015-3,FAC-015,Marrow Vale Plant 15 Line 3
LINE-FAC-015-4,FAC-015,Marrow Vale Plant 15 Line 4
LINE-FAC-015-5,FAC-015,Marrow Vale Plant 15 Line 5
LINE-FAC-015-6,FAC-015,Marrow Vale Plant 15 Line 6
LINE-FAC-015-7,FAC-015,Marrow Vale Plant 15 Line 7
LINE-FAC-015-8,FAC-015,Marrow Vale Plant 15 Line 8
LINE-FAC-016-1,FAC-016,Aurelport Plant 16 Line 1
LINE-FAC-016-2,FAC-016,Aurelport Plant 16 Line 2
LINE-FAC-016-3,FAC-016,Aurelport Plant 16 Line 3
LINE-FAC-016-4,FAC-016,Aurelport Plant 16 Line 4
LINE-FAC-016-5,FAC-016,Aurelport Plant 16 Line 5
LINE-FAC-016-6,FAC-016,Aurelport Plant 16 Line 6
LINE-FAC-016-7,FAC-016,Aurelport Plant 16 Line 7
LINE-FAC-016-8,FAC-016,Aurelport Plant 16 Line 8
LINE-FAC-017-1,FAC-017,Emberfield Plant 17 Line 1
LINE-FAC-017-2,FAC-017,Emberfield Plant 17 Line 2
LINE-FAC-017-3,FAC-017,Emberfield Plant 17 Line 3
LINE-FAC-017-4,FAC-017,Emberfield Plant 17 Line 4
LINE-FAC-017-5,FAC-017,Emberfield Plant 17 Line 5
LINE-FAC-017-6,FAC-017,Emberfield Plant 17 Line 6
LINE-FAC-017-7,FAC-017,Emberfield Plant 17 Line 7
LINE-FAC-017-8,FAC-017,Emberfield Plant 17 Line 8
LINE-FAC-018-1,FAC-018,Emberfield Plant 18 Line 1
LINE-FAC-018-2,FAC-018,Emberfield Plant 18 Line 2
LINE-FAC-018-3,FAC-018,Emberfield Plant 18 Line 3
LINE-FAC-018-4,FAC-018,Emberfield Plant 18 Line 4
LINE-FAC-018-5,FAC-018,Emberfield Plant 18 Line 5
LINE-FAC-018-6,FAC-018,Emberfield Plant 18 Line 6
LINE-FAC-018-7,FAC-018,Emberfield Plant 18 Line 7
LINE-FAC-018-8,FAC-018,Emberfield Plant 18 Line 8
LINE-FAC-019-1,FAC-019,Aurelport Plant 19 Line 1
LINE-FAC-019-2,FAC-019,Aurelport Plant 19 Line 2
LINE-FAC-019-3,FAC-019,Aurelport Plant 19 Line 3
LINE-FAC-019-4,FAC-019,Aurelport Plant 19 Line 4
LINE-FAC-019-5,FAC-019,Aurelport Plant 19 Line 5
LINE-FAC-019-6,FAC-019,Aurelport Plant 19 Line 6
LINE-FAC-019-7,FAC-019,Aurelport Plant 19 Line 7
LINE-FAC-019-8,FAC-019,Aurelport Plant 19 Line 8
LINE-FAC-020-1,FAC-020,Windrift Plant 20 Line 1
LINE-FAC-020-2,FAC-020,Windrift Plant 20 Line 2
LINE-FAC-020-3,FAC-020,Windrift Plant 20 Line 3
LINE-FAC-020-4,FAC-020,Windrift Plant 20 Line 4
LINE-FAC-020-5,FAC-020,Windrift Plant 20 Line 5
LINE-FAC-020-6,FAC-020,Windrift Plant 20 Line 6
LINE-FAC-020-7,FAC-020,Windrift Plant 20 Line 7
LINE-FAC-020-8,FAC-020,Windrift Plant 20 Line 8
LINE-FAC-021-1,FAC-021,Marrow Vale Plant 21 Line 1
LINE-FAC-021-2,FAC-021,Marrow Vale Plant 21 Line 2
LINE-FAC-021-3,FAC-021,Marrow Vale Plant 21 Line 3
LINE-FAC-021-4,FAC-021,Marrow Vale Plant 21 Line 4
LINE-FAC-021-5,FAC-021,Marrow Vale Plant 21 Line 5
LINE-FAC-021-6,FAC-021,Marrow Vale Plant 21 Line 6
LINE-FAC-021-7,FAC-021,Marrow Vale Plant 21 Line 7
LINE-FAC-021-8,FAC-021,Marrow Vale Plant 21 Line 8
LINE-FAC-022-1,FAC-022,Marrow Vale Plant 22 Line 1
LINE-FAC-022-2,FAC-022,Marrow Vale Plant 22 Line 2
LINE-FAC-022-3,FAC-022,Marrow Vale Plant 22 Line 3
LINE-FAC-022-4,FAC-022,Marrow Vale Plant 22 Line 4
LINE-FAC-022-5,FAC-022,Marrow Vale Plant 22 Line 5
LINE-FAC-022-6,FAC-022,Marrow Vale Plant 22 Line 6
LINE-FAC-022-7,FAC-022,Marrow Vale Plant 22 Line 7
LINE-FAC-022-8,FAC-022,Marrow Vale Plant 22 Line 8
LINE-FAC-023-1,FAC-023,Stonebrook Junction Plant 23 Line 1
LINE-FAC-023-2,FAC-023,Stonebrook Junction Plant 23 Line 2
LINE-FAC-023-3,FAC-023,Stonebrook Junction Plant 23 Line 3
LINE-FAC-023-4,FAC-023,Stonebrook Junction Plant 23 Line 4
LINE-FAC-023-5,FAC-023,Stonebrook Junction Plant 23 Line 5
LINE-FAC-023-6,FAC-023,Stonebrook Junction Plant 23 Line 6
LINE-FAC-023-7,FAC-023,Stonebrook Junction Plant 23 Line 7
LINE-FAC-023-8,FAC-023,Stonebrook Junction Plant 23 Line 8
LINE-FAC-024-1,FAC-024,Windrift Plant 24 Line 1
LINE-FAC-024-2,FAC-024,Windrift Plant 24 Line 2
LINE-FAC-024-3,FAC-024,Windrift Plant 24 Line 3
LINE-FAC-024-4,FAC-024,Windrift Plant 24 Line 4
LINE-FAC-024-5,FAC-024,Windrift Plant 24 Line 5
LINE-FAC-024-6,FAC-024,Windrift Plant 24 Line 6
LINE-FAC-024-7,FAC-024,Windrift Plant 24 Line 7
LINE-FAC-024-8,FAC-024,Windrift Plant 24 Line 8
LINE-FAC-025-1,FAC-025,Marrow Vale Plant 25 Line 1
LINE-FAC-025-2,FAC-025,Marrow Vale Plant 25 Line 2
LINE-FAC-025-3,FAC-025,Marrow Vale Plant 25 Line 3
LINE-FAC-025-4,FAC-025,Marrow Vale Plant 25 Line 4
LINE-FAC-025-5,FAC-025,Marrow Vale Plant 25 Line 5
LINE-FAC-025-6,FAC-025,Marrow Vale Plant 25 Line 6
LINE-FAC-025-7,FAC-025,Marrow Vale Plant 25 Line 7
LINE-FAC-025-8,FAC-025,Marrow Vale Plant 25 Line 8
LINE-FAC-026-1,FAC-026,Windrift Plant 26 Line 1
LINE-FAC-026-2,FAC-026,Windrift Plant 26 Line 2
LINE-FAC-026-3,FAC-026,Windrift Plant 26 Line 3
LINE-FAC-026-4,FAC-026,Windrift Plant 26 Line 4
LINE-FAC-026-5,FAC-026,Windrift Plant 26 Line 5
LINE-FAC-026-6,FAC-026,Windrift Plant 26 Line 6
LINE-FAC-026-7,FAC-026,Windrift Plant 26 Line 7
LINE-FAC-026-8,FAC-026,Windrift Plant 26 Line 8
LINE-FAC-027-1,FAC-027,Northfell Plant 27 Line 1
LINE-FAC-027-2,FAC-027,Northfell Plant 27 Line 2
LINE-FAC-027-3,FAC-027,Northfell Plant 27 Line 3
LINE-FAC-027-4,FAC-027,Northfell Plant 27 Line 4
LINE-FAC-027-5,FAC-027,Northfell Plant 27 Line 5
LINE-FAC-027-6,FAC-027,Northfell Plant 27 Line 6
LINE-FAC-027-7,FAC-027,Northfell Plant 27 Line 7
LINE-FAC-027-8,FAC-027,Northfell Plant 27 Line 8
LINE-FAC-028-1,FAC-028,Stonebrook Junction Plant 28 Line 1
LINE-FAC-028-2,FAC-028,Stonebrook Junction Plant 28 Line 2
LINE-FAC-028-3,FAC-028,Stonebrook Junction Plant 28 Line 3
LINE-FAC-028-4,FAC-028,Stonebrook Junction Plant 28 Line 4
LINE-FAC-028-5,FAC-028,Stonebrook Junction Plant 28 Line 5
LINE-FAC-028-6,FAC-028,Stonebrook Junction Plant 28 Line 6
LINE-FAC-028-7,FAC-028,Stonebrook Junction Plant 28 Line 7
LINE-FAC-028-8,FAC-028,Stonebrook Junction Plant 28 Line 8
LINE-FAC-029-1,FAC-029,Lindmoor Plant 29 Line 1
LINE-FAC-029-2,FAC-029,Lindmoor Plant 29 Line 2
LINE-FAC-029-3,FAC-029,Lindmoor Plant 29 Line 3
LINE-FAC-029-4,FAC-029,Lindmoor Plant 29 Line 4
LINE-FAC-029-5,FAC-029,Lindmoor Plant 29 Line 5
LINE-FAC-029-6,FAC-029,Lindmoor Plant 29 Line 6
LINE-FAC-029-7,FAC-029,Lindmoor Plant 29 Line 7
LINE-FAC-029-8,FAC-029,Lindmoor Plant 29 Line 8
LINE-FAC-030-1,FAC-030,Emberfield Plant 30 Line 1
LINE-FAC-030-2,FAC-030,Emberfield Plant 30 Line 2
LINE-FAC-030-3,FAC-030,Emberfield Plant 30 Line 3
LINE-FAC-030-4,FAC-030,Emberfield Plant 30 Line 4
LINE-FAC-030-5,FAC-030,Emberfield Plant 30 Line 5
LINE-FAC-030-6,FAC-030,Emberfield Plant 30 Line 6
LINE-FAC-030-7,FAC-030,Emberfield Plant 30 Line 7
LINE-FAC-030-8,FAC-030,Emberfield Plant 30 Line 8
LINE-FAC-031-1,FAC-031,Kestrel Bay Plant 31 Line 1
LINE-FAC-031-2,FAC-031,Kestrel Bay Plant 31 Line 2
LINE-FAC-031-3,FAC-031,Kestrel Bay Plant 31 Line 3
LINE-FAC-031-4,FAC-031,Kestrel Bay Plant 31 Line 4
LINE-FAC-031-5,FAC-031,Kestrel Bay Plant 31 Line 5
LINE-FAC-031-6,FAC-031,Kestrel Bay Plant 31 Line 6
LINE-FAC-031-7,FAC-031,Kestrel Bay Plant 31 Line 7
LINE-FAC-031-8,FAC-031,Kestrel Bay Plant 31 Line 8
LINE-FAC-032-1,FAC-032,Emberfield Plant 32 Line 1
LINE-FAC-032-2,FAC-032,Emberfield Plant 32 Line 2
LINE-FAC-032-3,FAC-032,Emberfield Plant 32 Line 3
LINE-FAC-032-4,FAC-032,Emberfield Plant 32 Line 4
LINE-FAC-032-5,FAC-032,Emberfield Plant 32 Line 5
LINE-FAC-032-6,FAC-032,Emberfield Plant 32 Line 6
LINE-FAC-032-7,FAC-032,Emberfield Plant 32 Line 7
LINE-FAC-032-8,FAC-032,Emberfield Plant 32 Line 8
LINE-FAC-033-1,FAC-033,Kestrel Bay Plant 33 Line 1
LINE-FAC-033-2,FAC-033,Kestrel Bay Plant 33 Line 2
LINE-FAC-033-3,FAC-033,Kestrel Bay Plant 33 Line 3
LINE-FAC-033-4,FAC-033,Kestrel Bay Plant 33 Line 4
LINE-FAC-033-5,FAC-033,Kestrel Bay Plant 33 Line 5
LINE-FAC-033-6,FAC-033,Kestrel Bay Plant 33 Line 6
LINE-FAC-033-7,FAC-033,Kestrel Bay Plant 33 Line 7
LINE-FAC-033-8,FAC-033,Kestrel Bay Plant 33 Line 8
LINE-FAC-034-1,FAC-034,Windrift Plant 34 Line 1
LINE-FAC-034-2,FAC-034,Windrift Plant 34 Line 2
LINE-FAC-034-3,FAC-034,Windrift Plant 34 Line 3
LINE-FAC-034-4,FAC-034,Windrift Plant 34 Line 4
LINE-FAC-034-5,FAC-034,Windrift Plant 34 Line 5
LINE-FAC-034-6,FAC-034,Windrift Plant 34 Line 6
LINE-FAC-034-7,FAC-034,Windrift Plant 34 Line 7
LINE-FAC-034-8,FAC-034,Windrift Plant 34 Line 8
LINE-FAC-035-1,FAC-035,Emberfield Plant 35 Line 1
LINE-FAC-035-2,FAC-035,Emberfield Plant 35 Line 2
LINE-FAC-035-3,FAC-035,Emberfield Plant 35 Line 3
LINE-FAC-035-4,FAC-035,Emberfield Plant 35 Line 4
LINE-FAC-035-5,FAC-035,Emberfield Plant 35 Line 5
LINE-FAC-035-6,FAC-035,Emberfield Plant 35 Line 6
LINE-FAC-035-7,FAC-035,Emberfield Plant 35 Line 7
LINE-FAC-035-8,FAC-035,Emberfield Plant 35 Line 8
LINE-FAC-036-1,FAC-036,Lindmoor Plant 36 Line 1
LINE-FAC-036-2,FAC-036,Lindmoor Plant 36 Line 2
LINE-FAC-036-3,FAC-036,Lindmoor Plant 36 Line 3
LINE-FAC-036-4,FAC-036,Lindmoor Plant 36 Line 4
LINE-FAC-036-5,FAC-036,Lindmoor Plant 36 Line 5
LINE-FAC-036-6,FAC-036,Lindmoor Plant 36 Line 6
LINE-FAC-036-7,FAC-036,Lindmoor Plant 36 Line 7
LINE-FAC-036-8,FAC-036,Lindmoor Plant 36 Line 8
LINE-FAC-037-1,FAC-037,Verdant Hollow Plant 37 Line 1
LINE-FAC-037-2,FAC-037,Verdant Hollow Plant 37 Line 2
LINE-FAC-037-3,FAC-037,Verdant Hollow Plant 37 Line 3
LINE-FAC-037-4,FAC-037,Verdant Hollow Plant 37 Line 4
LINE-FAC-037-5,FAC-037,Verdant Hollow Plant 37 Line 5
LINE-FAC-037-6,FAC-037,Verdant Hollow Plant 37 Line 6
LINE-FAC-037-7,FAC-037,Verdant Hollow Plant 37 Line 7
LINE-FAC-037-8,FAC-037,Verdant Hollow Plant 37 Line 8
LINE-FAC-038-1,FAC-038,Lindmoor Plant 38 Line 1
LINE-FAC-038-2,FAC-038,Lindmoor Plant 38 Line 2
LINE-FAC-038-3,FAC-038,Lindmoor Plant 38 Line 3
LINE-FAC-038-4,FAC-038,Lindmoor Plant 38 Line 4
LINE-FAC-038-5,FAC-038,Lindmoor Plant 38 Line 5
LINE-FAC-038-6,FAC-038,Lindmoor Plant 38 Line 6
LINE-FAC-038-7,FAC-038,Lindmoor Plant 38 Line 7
LINE-FAC-038-8,FAC-038,Lindmoor Plant 38 Line 8
LINE-FAC-039-1,FAC-039,Marrow Vale Plant 39 Line 1
LINE-FAC-039-2,FAC-039,Marrow Vale Plant 39 Line 2
LINE-FAC-039-3,FAC-039,Marrow Vale Plant 39 Line 3
LINE-FAC-039-4,FAC-039,Marrow Vale Plant 39 Line 4
LINE-FAC-039-5,FAC-039,Marrow Vale Plant 39 Line 5
LINE-FAC-039-6,FAC-039,Marrow Vale Plant 39 Line 6
LINE-FAC-039-7,FAC-039,Marrow Vale Plant 39 Line 7
LINE-FAC-039-8,FAC-039,Marrow Vale Plant 39 Line 8
LINE-FAC-040-1,FAC-040,Draymoor Plant 40 Line 1
LINE-FAC-040-2,FAC-040,Draymoor Plant 40 Line 2
LINE-FAC-040-3,FAC-040,Draymoor Plant 40 Line 3
LINE-FAC-040-4,FAC-040,Draymoor Plant 40 Line 4
LINE-FAC-040-5,FAC-040,Draymoor Plant 40 Line 5
LINE-FAC-040-6,FAC-040,Draymoor Plant 40 Line 6
LINE-FAC-040-7,FAC-040,Draymoor Plant 40 Line 7
LINE-FAC-040-8,FAC-040,Draymoor Plant 40 Line 8
